id,nome,telefone,country
1,Mariana Silva,+55 21 98765-0001,Brazil
2,John Smith,+1 202-555-0002,United States
3,Sofia Rossi,+39 06 555-0003,Italy
4,Liam O'Connor,+353 1 555-0004,Ireland
5,Ana García,+34 91 555-0005,Spain
6,Hiroshi Tanaka,+81 3-5555-0006,Japan
7,Olga Ivanova,+7 495 555-0007,Russia
8,Noah Müller,+49 30 555-0008,Germany
9,Isabella Moretti,+39 02 555-0009,Italy
10,Lucas Pereira,+55 11 98888-0010,Brazil
11,Emma Johnson,+1 415-555-0011,United States
12,Santiago López,+54 11 5555-0012,Argentina
13,Chloe Martin,+33 1 55 55 0013,France
14,Arjun Patel,+91 22 5555-0014,India
15,Mia Svensson,+46 8 555 0015,Sweden
16,Mateo Fernández,+57 1 555-0016,Colombia
17,Lucas Brown,+44 20 7946 0017,United Kingdom
18,Sophia Dubois,+33 4 78 55 0018,France
19,Ethan Wilson,+1 212-555-0019,United States
20,Valentina Costa,+55 31 99999-0020,Brazil
21,Oliver Thompson,+61 2 5550 0021,Australia
22,Amelia Clarke,+44 161 555 0022,United Kingdom
23,Diego Ruiz,+52 55 5550-0023,Mexico
24,Ava Kim,+82 2-555-0024,South Korea
25,Noah Silva,+55 71 98888-0025,Brazil
26,Lucas García,+34 93 555-0026,Spain
27,Sophia Rossi,+39 081 555-0027,Italy
28,Daniela Costa,+351 21 555-0028,Portugal
29,Alexander Novak,+420 2 5550 0029,Czech Republic
30,Olivia Martinez,+1 305-555-0030,United States
31,Mateus Almeida,+55 27 99999-0031,Brazil
32,Lucas Schmidt,+49 89 555-0032,Germany
33,Isabella Pereira,+55 41 98888-0033,Brazil
34,William Johnson,+1 617-555-0034,United States
35,Emma García,+34 95 555-0035,Spain
36,Noah Dubois,+33 2 55 55 0036,France
37,Alice Moreau,+33 3 88 55 0037,France
38,Lucas Rossi,+39 081 555-0038,Italy
39,María Fernández,+34 91 555-0039,Spain
40,Pedro Souza,+55 19 99999-0040,Brazil
41,Charlotte Brown,+44 20 7946 0041,United Kingdom
42,Samuel Lee,+1 646-555-0042,United States
43,Isabella Silva,+55 62 98888-0043,Brazil
44,Lucas Oliveira,+55 81 99999-0044,Brazil
45,Amélie Laurent,+33 1 44 55 0045,France
46,Daniel Kim,+82 10-5555-0046,South Korea
47,Mateo Rossi,+39 06 555-0047,Italy
48,Sofia Silva,+55 51 98888-0048,Brazil
49,Lucas Hernández,+52 55 5550-0049,Mexico
50,Olivia Brown,+1 213-555-0050,United States
51,Marcos Lima,+55 71 98888-0051,Brazil
52,Emma Wilson,+1 718-555-0052,United States
53,Lucas Martins,+55 47 99999-0053,Brazil
54,Sophia Romano,+39 02 555-0054,Italy
55,Noah Silva,+55 27 98888-0055,Brazil
56,Isabella Costa,+351 22 555-0056,Portugal
57,Alexander Smith,+1 312-555-0057,United States
58,Valentina Rossi,+39 081 555-0058,Italy
59,Lucas Pereira,+55 21 98888-0059,Brazil
60,Emma García,+34 91 555-0060,Spain
61,Oliver Martin,+33 1 55 55 0061,France
62,Ana Souza,+55 31 99999-0062,Brazil
63,Daniel Silva,+55 11 98888-0063,Brazil
64,Sophia Brown,+44 20 7946 0064,United Kingdom
65,Lucas Oliveira,+55 41 99999-0065,Brazil
66,Isabella Rossi,+39 06 555-0066,Italy
67,Noah Johnson,+1 415-555-0067,United States
68,Maria Fernández,+54 11 5555-0068,Argentina
69,Mateo Silva,+55 85 98888-0069,Brazil
70,Olivia Martin,+33 4 78 55 0070,France
71,Lucas Costa,+351 21 555-0071,Portugal
72,Emma Rossi,+39 081 555-0072,Italy
73,Daniela García,+34 93 555-0073,Spain
74,Noah Brown,+1 646-555-0074,United States
75,Sophia Silva,+55 62 98888-0075,Brazil
76,Lucas Moretti,+39 02 555-0076,Italy
77,Isabella Pereira,+55 11 98888-0077,Brazil
78,Oliver Smith,+44 161 555 0078,United Kingdom
79,Emma Dubois,+33 2 55 55 0079,France
80,Mateo Fernández,+57 1 555-0080,Colombia
81,Lucas Almeida,+55 27 99999-0081,Brazil
82,Amelia Clarke,+44 20 7946 0082,United Kingdom
83,Diego Ruiz,+52 55 5550-0083,Mexico
84,Ava Kim,+82 2-555-0084,South Korea
85,Noah Silva,+55 71 98888-0085,Brazil
86,Lucas García,+34 93 555-0086,Spain
87,Sophia Rossi,+39 081 555-0087,Italy
88,Daniela Costa,+351 21 555-0088,Portugal
89,Alexander Novak,+420 2 5550 0089,Czech Republic
90,Olivia Martinez,+1 305-555-0090,United States
91,Mateus Almeida,+55 27 99999-0091,Brazil
92,Lucas Schmidt,+49 89 555-0092,Germany
93,Isabella Pereira,+55 41 98888-0093,Brazil
94,William Johnson,+1 617-555-0094,United States
95,Emma García,+34 95 555-0095,Spain
96,Noah Dubois,+33 2 55 55 0096,France
97,Alice Moreau,+33 3 88 55 0097,France
98,Lucas Rossi,+39 081 555-0098,Italy
99,María Fernández,+34 91 555-0099,Spain
100,Pedro Souza,+55 19 99999-0100,Brazil
101,Charlotte Brown,+44 20 7946 0101,United Kingdom
102,Samuel Lee,+1 646-555-0102,United States
103,Isabella Silva,+55 62 98888-0103,Brazil
104,Lucas Oliveira,+55 81 99999-0104,Brazil
105,Amélie Laurent,+33 1 44 55 0105,France
106,Daniel Kim,+82 10-5555-0106,South Korea
107,Mateo Rossi,+39 06 555-0107,Italy
108,Sofia Silva,+55 51 98888-0108,Brazil
109,Lucas Hernández,+52 55 5550-0109,Mexico
110,Olivia Brown,+1 213-555-0110,United States
111,Marcos Lima,+55 71 98888-0111,Brazil
112,Emma Wilson,+1 718-555-0112,United States
113,Lucas Martins,+55 47 99999-0113,Brazil
114,Sophia Romano,+39 02 555-0114,Italy
115,Noah Silva,+55 27 98888-0115,Brazil
116,Isabella Costa,+351 22 555-0116,Portugal
117,Alexander Smith,+1 312-555-0117,United States
118,Valentina Rossi,+39 081 555-0118,Italy
119,Lucas Pereira,+55 21 98888-0119,Brazil
120,Emma García,+34 91 555-0120,Spain
121,Oliver Martin,+33 1 55 55 0121,France
122,Ana Souza,+55 31 99999-0122,Brazil
123,Daniel Silva,+55 11 98888-0123,Brazil
124,Sophia Brown,+44 20 7946 0124,United Kingdom
125,Lucas Oliveira,+55 41 99999-0125,Brazil
126,Isabella Rossi,+39 06 555-0126,Italy
127,Noah Johnson,+1 415-555-0127,United States
128,Maria Fernández,+54 11 5555-0128,Argentina
129,Mateo Silva,+55 85 98888-0129,Brazil
130,Olivia Martin,+33 4 78 55 0130,France
131,Lucas Costa,+351 21 555-0131,Portugal
132,Emma Rossi,+39 081 555-0132,Italy
133,Daniela García,+34 93 555-0133,Spain
134,Noah Brown,+1 646-555-0134,United States
135,Sophia Silva,+55 62 98888-0135,Brazil
136,Lucas Moretti,+39 02 555-0136,Italy
137,Isabella Pereira,+55 11 98888-0137,Brazil
138,Oliver Smith,+44 161 555 0138,United Kingdom
139,Emma Dubois,+33 2 55 55 0139,France
140,Mateo Fernández,+57 1 555-0140,Colombia
141,Lucas Almeida,+55 27 99999-0141,Brazil
142,Amelia Clarke,+44 20 7946 0142,United Kingdom
143,Diego Ruiz,+52 55 5550-0143,Mexico
144,Ava Kim,+82 2-555-0144,South Korea
145,Noah Silva,+55 71 98888-0145,Brazil
146,Lucas García,+34 93 555-0146,Spain
147,Sophia Rossi,+39 081 555-0147,Italy
148,Daniela Costa,+351 21 555-0148,Portugal
149,Alexander Novak,+420 2 5550 0149,Czech Republic
150,Olivia Martinez,+1 305-555-0150,United States
151,Mateus Almeida,+55 27 99999-0151,Brazil
152,Lucas Schmidt,+49 89 555-0152,Germany
153,Isabella Pereira,+55 41 98888-0153,Brazil
154,William Johnson,+1 617-555-0154,United States
155,Emma García,+34 95 555-0155,Spain
156,Noah Dubois,+33 2 55 55 0156,France
157,Alice Moreau,+33 3 88 55 0157,France
158,Lucas Rossi,+39 081 555-0158,Italy
159,María Fernández,+34 91 555-0159,Spain
160,Pedro Souza,+55 19 99999-0160,Brazil
161,Charlotte Brown,+44 20 7946 0161,United Kingdom
162,Samuel Lee,+1 646-555-0162,United States
163,Isabella Silva,+55 62 98888-0163,Brazil
164,Lucas Oliveira,+55 81 99999-0164,Brazil
165,Amélie Laurent,+33 1 44 55 0165,France
166,Daniel Kim,+82 10-5555-0166,South Korea
167,Mateo Rossi,+39 06 555-0167,Italy
168,Sofia Silva,+55 51 98888-0168,Brazil
169,Lucas Hernández,+52 55 5550-0169,Mexico
170,Olivia Brown,+1 213-555-0170,United States
171,Marcos Lima,+55 71 98888-0171,Brazil
172,Emma Wilson,+1 718-555-0172,United States
173,Lucas Martins,+55 47 99999-0173,Brazil
174,Sophia Romano,+39 02 555-0174,Italy
175,Noah Silva,+55 27 98888-0175,Brazil
176,Isabella Costa,+351 22 555-0176,Portugal
177,Alexander Smith,+1 312-555-0177,United States
178,Valentina Rossi,+39 081 555-0178,Italy
179,Lucas Pereira,+55 21 98888-0179,Brazil
180,Emma García,+34 91 555-0180,Spain
181,Oliver Martin,+33 1 55 55 0181,France
182,Ana Souza,+55 31 99999-0182,Brazil
183,Daniel Silva,+55 11 98888-0183,Brazil
184,Sophia Brown,+44 20 7946 0184,United Kingdom
185,Lucas Oliveira,+55 41 99999-0185,Brazil
186,Isabella Rossi,+39 06 555-0186,Italy
187,Noah Johnson,+1 415-555-0187,United States
188,Maria Fernández,+54 11 5555-0188,Argentina
189,Mateo Silva,+55 85 98888-0189,Brazil
190,Olivia Martin,+33 4 78 55 0190,France
191,Lucas Costa,+351 21 555-0191,Portugal
192,Emma Rossi,+39 081 555-0192,Italy
193,Daniela García,+34 93 555-0193,Spain
194,Noah Brown,+1 646-555-0194,United States
195,Sophia Silva,+55 62 98888-0195,Brazil
196,Lucas Moretti,+39 02 555-0196,Italy
197,Isabella Pereira,+55 11 98888-0197,Brazil
198,Oliver Smith,+44 161 555 0198,United Kingdom
199,Emma Dubois,+33 2 55 55 0199,France
200,Mateo Fernández,+57 1 555-0200,Colombia
201,Lucas Ferreira,+55 21 98877-0201,Brazil
202,Sara Müller,+49 30 555-0202,Germany
203,Diego Alvarez,+34 91 555-0203,Spain
204,Emily Davis,+1 212-555-0204,United States
205,Mateo Rossi,+39 06 555-0205,Italy
206,Anaïs Dupont,+33 1 55 55 0206,France
207,Hiro Tanaka,+81 3-5555-0207,Japan
208,Olga Petrov,+7 495 555-0208,Russia
209,Noah Johnson,+1 415-555-0209,United States
210,Mariana Costa,+55 11 99988-0210,Brazil
211,Lucas Smith,+44 20 7946 0211,United Kingdom
212,Isabella Romano,+39 02 555-0212,Italy
213,Sofia García,+34 93 555-0213,Spain
214,Arjun Singh,+91 22 5555-0214,India
215,Emma Wilson,+1 718-555-0215,United States
216,Mateus Oliveira,+55 27 99999-0216,Brazil
217,Clara Svensson,+46 8 555 0217,Sweden
218,Oliver Brown,+61 2 5550 0218,Australia
219,Valentina Moretti,+39 081 555-0219,Italy
220,Diego Pereira,+55 31 98888-0220,Brazil
221,Amelia Clarke,+44 161 555 0221,United Kingdom
222,Lucas Hernández,+52 55 5550-0222,Mexico
223,Ava Kim,+82 2-555-0223,South Korea
224,Noah Müller,+49 89 555-0224,Germany
225,Isabella Silva,+55 41 98888-0225,Brazil
226,Samuel Lee,+1 646-555-0226,United States
227,María Fernández,+54 11 5555-0227,Argentina
228,Lucas Martins,+55 47 99999-0228,Brazil
229,Emma Dubois,+33 2 55 55 0229,France
230,Alexander Novak,+420 2 5550 0230,Czech Republic
231,Olivia Brown,+1 213-555-0231,United States
232,Pedro Lima,+55 71 98888-0232,Brazil
233,Isabella Costa,+351 21 555-0233,Portugal
234,Lucas Schmidt,+49 30 555-0234,Germany
235,Sophia Romano,+39 06 555-0235,Italy
236,Daniela García,+34 95 555-0236,Spain
237,Noah Johnson,+1 617-555-0237,United States
238,Amélie Laurent,+33 1 44 55 0238,France
239,Daniel Kim,+82 10-5555-0239,South Korea
240,Mateo Fernández,+57 1 555-0240,Colombia
241,Lucas Almeida,+55 27 99999-0241,Brazil
242,Charlotte Brown,+44 20 7946 0242,United Kingdom
243,Samuel Green,+1 305-555-0243,United States
244,Isabella Pereira,+55 11 98888-0244,Brazil
245,Oliver Martin,+33 1 55 55 0245,France
246,Ana Souza,+55 31 99999-0246,Brazil
247,Daniel Silva,+55 11 98888-0247,Brazil
248,Sophia Brown,+44 20 7946 0248,United Kingdom
249,Lucas Oliveira,+55 41 99999-0249,Brazil
250,Isabella Rossi,+39 02 555-0250,Italy
251,Noah Johnson,+1 415-555-0251,United States
252,Maria Fernández,+54 11 5555-0252,Argentina
253,Mateo Silva,+55 85 98888-0253,Brazil
254,Olivia Martin,+33 4 78 55 0254,France
255,Lucas Costa,+351 21 555-0255,Portugal
256,Emma Rossi,+39 081 555-0256,Italy
257,Daniela García,+34 93 555-0257,Spain
258,Noah Brown,+1 646-555-0258,United States
259,Sophia Silva,+55 62 98888-0259,Brazil
260,Lucas Moretti,+39 02 555-0260,Italy
261,Isabella Pereira,+55 11 98888-0261,Brazil
262,Oliver Smith,+44 161 555 0262,United Kingdom
263,Emma Dubois,+33 2 55 55 0263,France
264,Mateo Fernández,+57 1 555-0264,Colombia
265,Lucas Almeida,+55 27 99999-0265,Brazil
266,Amelia Clarke,+44 20 7946 0266,United Kingdom
267,Diego Ruiz,+52 55 5550-0267,Mexico
268,Ava Kim,+82 2-555-0268,South Korea
269,Noah Silva,+55 71 98888-0269,Brazil
270,Lucas García,+34 93 555-0270,Spain
271,Sophia Rossi,+39 081 555-0271,Italy
272,Daniela Costa,+351 21 555-0272,Portugal
273,Alexander Novak,+420 2 5550 0273,Czech Republic
274,Olivia Martinez,+1 305-555-0274,United States
275,Mateus Almeida,+55 27 99999-0275,Brazil
276,Lucas Schmidt,+49 89 555-0276,Germany
277,Isabella Pereira,+55 41 98888-0277,Brazil
278,William Johnson,+1 617-555-0278,United States
279,Emma García,+34 95 555-0279,Spain
280,Noah Dubois,+33 2 55 55 0280,France
281,Alice Moreau,+33 3 88 55 0281,France
282,Lucas Rossi,+39 081 555-0282,Italy
283,María Fernández,+34 91 555-0283,Spain
284,Pedro Souza,+55 19 99999-0284,Brazil
285,Charlotte Brown,+44 20 7946 0285,United Kingdom
286,Samuel Lee,+1 646-555-0286,United States
287,Isabella Silva,+55 62 98888-0287,Brazil
288,Lucas Oliveira,+55 81 99999-0288,Brazil
289,Amélie Laurent,+33 1 44 55 0289,France
290,Daniel Kim,+82 10-5555-0290,South Korea
291,Mateo Rossi,+39 06 555-0291,Italy
292,Sofia Silva,+55 51 98888-0292,Brazil
293,Lucas Hernández,+52 55 5550-0293,Mexico
294,Olivia Brown,+1 213-555-0294,United States
295,Marcos Lima,+55 71 98888-0295,Brazil
296,Emma Wilson,+1 718-555-0296,United States
297,Lucas Martins,+55 47 99999-0297,Brazil
298,Sophia Romano,+39 02 555-0298,Italy
299,Noah Silva,+55 27 98888-0299,Brazil
300,Isabella Costa,+351 22 555-0300,Portugal
301,Alexander Smith,+1 312-555-0301,United States
302,Valentina Rossi,+39 081 555-0302,Italy
303,Lucas Pereira,+55 21 98888-0303,Brazil
304,Emma García,+34 91 555-0304,Spain
305,Oliver Martin,+33 1 55 55 0305,France
306,Ana Souza,+55 31 99999-0306,Brazil
307,Daniel Silva,+55 11 98888-0307,Brazil
308,Sophia Brown,+44 20 7946 0308,United Kingdom
309,Lucas Oliveira,+55 41 99999-0309,Brazil
310,Isabella Rossi,+39 06 555-0310,Italy
311,Noah Johnson,+1 415-555-0311,United States
312,Maria Fernández,+54 11 5555-0312,Argentina
313,Mateo Silva,+55 85 98888-0313,Brazil
314,Olivia Martin,+33 4 78 55 0314,France
315,Lucas Costa,+351 21 555-0315,Portugal
316,Emma Rossi,+39 081 555-0316,Italy
317,Daniela García,+34 93 555-0317,Spain
318,Noah Brown,+1 646-555-0318,United States
319,Sophia Silva,+55 62 98888-0319,Brazil
320,Lucas Moretti,+39 02 555-0320,Italy
321,Isabella Pereira,+55 11 98888-0321,Brazil
322,Oliver Smith,+44 161 555 0322,United Kingdom
323,Emma Dubois,+33 2 55 55 0323,France
324,Mateo Fernández,+57 1 555-0324,Colombia
325,Lucas Almeida,+55 27 99999-0325,Brazil
326,Amelia Clarke,+44 20 7946 0326,United Kingdom
327,Diego Ruiz,+52 55 5550-0327,Mexico
328,Ava Kim,+82 2-555-0328,South Korea
329,Noah Silva,+55 71 98888-0329,Brazil
330,Lucas García,+34 93 555-0330,Spain
331,Sophia Rossi,+39 081 555-0331,Italy
332,Daniela Costa,+351 21 555-0332,Portugal
333,Alexander Novak,+420 2 5550 0333,Czech Republic
334,Olivia Martinez,+1 305-555-0334,United States
335,Mateus Almeida,+55 27 99999-0335,Brazil
336,Lucas Schmidt,+49 89 555-0336,Germany
337,Isabella Pereira,+55 41 98888-0337,Brazil
338,William Johnson,+1 617-555-0338,United States
339,Emma García,+34 95 555-0339,Spain
340,Noah Dubois,+33 2 55 55 0340,France
341,Alice Moreau,+33 3 88 55 0341,France
342,Lucas Rossi,+39 081 555-0342,Italy
343,María Fernández,+34 91 555-0343,Spain
344,Pedro Souza,+55 19 99999-0344,Brazil
345,Charlotte Brown,+44 20 7946 0345,United Kingdom
346,Samuel Lee,+1 646-555-0346,United States
347,Isabella Silva,+55 62 98888-0347,Brazil
348,Lucas Oliveira,+55 81 99999-0348,Brazil
349,Amélie Laurent,+33 1 44 55 0349,France
350,Daniel Kim,+82 10-5555-0350,South Korea
351,Mateo Rossi,+39 06 555-0351,Italy
352,Sofia Silva,+55 51 98888-0352,Brazil
353,Lucas Hernández,+52 55 5550-0353,Mexico
354,Olivia Brown,+1 213-555-0354,United States
355,Marcos Lima,+55 71 98888-0355,Brazil
356,Emma Wilson,+1 718-555-0356,United States
357,Lucas Martins,+55 47 99999-0357,Brazil
358,Sophia Romano,+39 02 555-0358,Italy
359,Noah Silva,+55 27 98888-0359,Brazil
360,Isabella Costa,+351 22 555-0360,Portugal
361,Alexander Smith,+1 312-555-0361,United States
362,Valentina Rossi,+39 081 555-0362,Italy
363,Lucas Pereira,+55 21 98888-0363,Brazil
364,Emma García,+34 91 555-0364,Spain
365,Oliver Martin,+33 1 55 55 0365,France
366,Ana Souza,+55 31 99999-0366,Brazil
367,Daniel Silva,+55 11 98888-0367,Brazil
368,Sophia Brown,+44 20 7946 0368,United Kingdom
369,Lucas Oliveira,+55 41 99999-0369,Brazil
370,Isabella Rossi,+39 06 555-0370,Italy
371,Noah Johnson,+1 415-555-0371,United States
372,Maria Fernández,+54 11 5555-0372,Argentina
373,Mateo Silva,+55 85 98888-0373,Brazil
374,Olivia Martin,+33 4 78 55 0374,France
375,Lucas Costa,+351 21 555-0375,Portugal
376,Emma Rossi,+39 081 555-0376,Italy
377,Daniela García,+34 93 555-0377,Spain
378,Noah Brown,+1 646-555-0378,United States
379,Sophia Silva,+55 62 98888-0379,Brazil
380,Lucas Moretti,+39 02 555-0380,Italy
381,Isabella Pereira,+55 11 98888-0381,Brazil
382,Oliver Smith,+44 161 555 0382,United Kingdom
383,Emma Dubois,+33 2 55 55 0383,France
384,Mateo Fernández,+57 1 555-0384,Colombia
385,Lucas Almeida,+55 27 99999-0385,Brazil
386,Amelia Clarke,+44 20 7946 0386,United Kingdom
387,Diego Ruiz,+52 55 5550-0387,Mexico
388,Ava Kim,+82 2-555-0388,South Korea
389,Noah Silva,+55 71 98888-0389,Brazil
390,Lucas García,+34 93 555-0390,Spain
391,Sophia Rossi,+39 081 555-0391,Italy
392,Daniela Costa,+351 21 555-0392,Portugal
393,Alexander Novak,+420 2 5550 0393,Czech Republic
394,Olivia Martinez,+1 305-555-0394,United States
395,Mateus Almeida,+55 27 99999-0395,Brazil
396,Lucas Schmidt,+49 89 555-0396,Germany
397,Isabella Pereira,+55 41 98888-0397,Brazil
398,William Johnson,+1 617-555-0398,United States
399,Emma García,+34 95 555-0399,Spain
400,Noah Dubois,+33 2 55 55 0400,France
401,Lucas Ferreira,+55 21 98877-0401,Brazil
402,Sara Müller,+49 30 555-0402,Germany
403,Diego Alvarez,+34 91 555-0403,Spain
404,Emily Davis,+1 212-555-0404,United States
405,Mateo Rossi,+39 06 555-0405,Italy
406,Anaïs Dupont,+33 1 55 55 0406,France
407,Hiro Tanaka,+81 3-5555-0407,Japan
408,Olga Petrov,+7 495 555-0408,Russia
409,Noah Johnson,+1 415-555-0409,United States
410,Mariana Costa,+55 11 99988-0410,Brazil
411,Lucas Smith,+44 20 7946 0411,United Kingdom
412,Isabella Romano,+39 02 555-0412,Italy
413,Sofia García,+34 93 555-0413,Spain
414,Arjun Singh,+91 22 5555-0414,India
415,Emma Wilson,+1 718-555-0415,United States
416,Mateus Oliveira,+55 27 99999-0416,Brazil
417,Clara Svensson,+46 8 555 0417,Sweden
418,Oliver Brown,+61 2 5550 0418,Australia
419,Valentina Moretti,+39 081 555-0419,Italy
420,Diego Pereira,+55 31 98888-0420,Brazil
421,Amelia Clarke,+44 161 555 0421,United Kingdom
422,Lucas Hernández,+52 55 5550-0422,Mexico
423,Ava Kim,+82 2-555-0423,South Korea
424,Noah Müller,+49 89 555-0424,Germany
425,Isabella Silva,+55 41 98888-0425,Brazil
426,Samuel Lee,+1 646-555-0426,United States
427,María Fernández,+54 11 5555-0427,Argentina
428,Lucas Martins,+55 47 99999-0428,Brazil
429,Emma Dubois,+33 2 55 55 0429,France
430,Alexander Novak,+420 2 5550 0430,Czech Republic
431,Olivia Brown,+1 213-555-0431,United States
432,Pedro Lima,+55 71 98888-0432,Brazil
433,Isabella Costa,+351 21 555-0433,Portugal
434,Lucas Schmidt,+49 30 555-0434,Germany
435,Sophia Romano,+39 06 555-0435,Italy
436,Daniela García,+34 95 555-0436,Spain
437,Noah Johnson,+1 617-555-0437,United States
438,Amélie Laurent,+33 1 44 55 0438,France
439,Daniel Kim,+82 10-5555-0439,South Korea
440,Mateo Fernández,+57 1 555-0440,Colombia
441,Lucas Almeida,+55 27 99999-0441,Brazil
442,Charlotte Brown,+44 20 7946 0442,United Kingdom
443,Samuel Green,+1 305-555-0443,United States
444,Isabella Pereira,+55 11 98888-0444,Brazil
445,Oliver Martin,+33 1 55 55 0445,France
446,Ana Souza,+55 31 99999-0446,Brazil
447,Daniel Silva,+55 11 98888-0447,Brazil
448,Sophia Brown,+44 20 7946 0448,United Kingdom
449,Lucas Oliveira,+55 41 99999-0449,Brazil
450,Isabella Rossi,+39 02 555-0450,Italy
451,Noah Johnson,+1 415-555-0451,United States
452,Maria Fernández,+54 11 5555-0452,Argentina
453,Mateo Silva,+55 85 98888-0453,Brazil
454,Olivia Martin,+33 4 78 55 0454,France
455,Lucas Costa,+351 21 555-0455,Portugal
456,Emma Rossi,+39 081 555-0456,Italy
457,Daniela García,+34 93 555-0457,Spain
458,Noah Brown,+1 646-555-0458,United States
459,Sophia Silva,+55 62 98888-0459,Brazil
460,Lucas Moretti,+39 02 555-0460,Italy
461,Isabella Pereira,+55 11 98888-0461,Brazil
462,Oliver Smith,+44 161 555 0462,United Kingdom
463,Emma Dubois,+33 2 55 55 0463,France
464,Mateo Fernández,+57 1 555-0464,Colombia
465,Lucas Almeida,+55 27 99999-0465,Brazil
466,Amelia Clarke,+44 20 7946 0466,United Kingdom
467,Diego Ruiz,+52 55 5550-0467,Mexico
468,Ava Kim,+82 2-555-0468,South Korea
469,Noah Silva,+55 71 98888-0469,Brazil
470,Lucas García,+34 93 555-0470,Spain
471,Sophia Rossi,+39 081 555-0471,Italy
472,Daniela Costa,+351 21 555-0472,Portugal
473,Alexander Novak,+420 2 5550 0473,Czech Republic
474,Olivia Martinez,+1 305-555-0474,United States
475,Mateus Almeida,+55 27 99999-0475,Brazil
476,Lucas Schmidt,+49 89 555-0476,Germany
477,Isabella Pereira,+55 41 98888-0477,Brazil
478,William Johnson,+1 617-555-0478,United States
479,Emma García,+34 95 555-0479,Spain
480,Noah Dubois,+33 2 55 55 0480,France
481,Alice Moreau,+33 3 88 55 0481,France
482,Lucas Rossi,+39 081 555-0482,Italy
483,María Fernández,+34 91 555-0483,Spain
484,Pedro Souza,+55 19 99999-0484,Brazil
485,Charlotte Brown,+44 20 7946 0485,United Kingdom
486,Samuel Lee,+1 646-555-0486,United States
487,Isabella Silva,+55 62 98888-0487,Brazil
488,Lucas Oliveira,+55 81 99999-0488,Brazil
489,Amélie Laurent,+33 1 44 55 0489,France
490,Daniel Kim,+82 10-5555-0490,South Korea
491,Mateo Rossi,+39 06 555-0491,Italy
492,Sofia Silva,+55 51 98888-0492,Brazil
493,Lucas Hernández,+52 55 5550-0493,Mexico
494,Olivia Brown,+1 213-555-0494,United States
495,Marcos Lima,+55 71 98888-0495,Brazil
496,Emma Wilson,+1 718-555-0496,United States
497,Lucas Martins,+55 47 99999-0497,Brazil
498,Sophia Romano,+39 02 555-0498,Italy
499,Noah Silva,+55 27 98888-0499,Brazil
500,Isabella Costa,+351 22 555-0500,Portugal
501,Alexander Smith,+1 312-555-0501,United States
502,Valentina Rossi,+39 081 555-0502,Italy
503,Lucas Pereira,+55 21 98888-0503,Brazil
504,Emma García,+34 91 555-0504,Spain
505,Oliver Martin,+33 1 55 55 0505,France
506,Ana Souza,+55 31 99999-0506,Brazil
507,Daniel Silva,+55 11 98888-0507,Brazil
508,Sophia Brown,+44 20 7946 0508,United Kingdom
509,Lucas Oliveira,+55 41 99999-0509,Brazil
510,Isabella Rossi,+39 06 555-0510,Italy
511,Noah Johnson,+1 415-555-0511,United States
512,Maria Fernández,+54 11 5555-0512,Argentina
513,Mateo Silva,+55 85 98888-0513,Brazil
514,Olivia Martin,+33 4 78 55 0514,France
515,Lucas Costa,+351 21 555-0515,Portugal
516,Emma Rossi,+39 081 555-0516,Italy
517,Daniela García,+34 93 555-0517,Spain
518,Noah Brown,+1 646-555-0518,United States
519,Sophia Silva,+55 62 98888-0519,Brazil
520,Lucas Moretti,+39 02 555-0520,Italy
521,Isabella Pereira,+55 11 98888-0521,Brazil
522,Oliver Smith,+44 161 555 0522,United Kingdom
523,Emma Dubois,+33 2 55 55 0523,France
524,Mateo Fernández,+57 1 555-0524,Colombia
525,Lucas Almeida,+55 27 99999-0525,Brazil
526,Amelia Clarke,+44 20 7946 0526,United Kingdom
527,Diego Ruiz,+52 55 5550-0527,Mexico
528,Ava Kim,+82 2-555-0528,South Korea
529,Noah Silva,+55 71 98888-0529,Brazil
530,Lucas García,+34 93 555-0530,Spain
531,Sophia Rossi,+39 081 555-0531,Italy
532,Daniela Costa,+351 21 555-0532,Portugal
533,Alexander Novak,+420 2 5550 0533,Czech Republic
534,Olivia Martinez,+1 305-555-0534,United States
535,Mateus Almeida,+55 27 99999-0535,Brazil
536,Lucas Schmidt,+49 89 555-0536,Germany
537,Isabella Pereira,+55 41 98888-0537,Brazil
538,William Johnson,+1 617-555-0538,United States
539,Emma García,+34 95 555-0539,Spain
540,Noah Dubois,+33 2 55 55 0540,France
541,Alice Moreau,+33 3 88 55 0541,France
542,Lucas Rossi,+39 081 555-0542,Italy
543,María Fernández,+34 91 555-0543,Spain
544,Pedro Souza,+55 19 99999-0544,Brazil
545,Charlotte Brown,+44 20 7946 0545,United Kingdom
546,Samuel Lee,+1 646-555-0546,United States
547,Isabella Silva,+55 62 98888-0547,Brazil
548,Lucas Oliveira,+55 81 99999-0548,Brazil
549,Amélie Laurent,+33 1 44 55 0549,France
550,Daniel Kim,+82 10-5555-0550,South Korea
551,Mateo Rossi,+39 06 555-0551,Italy
552,Sofia Silva,+55 51 98888-0552,Brazil
553,Lucas Hernández,+52 55 5550-0553,Mexico
554,Olivia Brown,+1 213-555-0554,United States
555,Marcos Lima,+55 71 98888-0555,Brazil
556,Emma Wilson,+1 718-555-0556,United States
557,Lucas Martins,+55 47 99999-0557,Brazil
558,Sophia Romano,+39 02 555-0558,Italy
559,Noah Silva,+55 27 98888-0559,Brazil
560,Isabella Costa,+351 22 555-0560,Portugal
561,Alexander Smith,+1 312-555-0561,United States
562,Valentina Rossi,+39 081 555-0562,Italy
563,Lucas Pereira,+55 21 98888-0563,Brazil
564,Emma García,+34 91 555-0564,Spain
565,Oliver Martin,+33 1 55 55 0565,France
566,Ana Souza,+55 31 99999-0566,Brazil
567,Daniel Silva,+55 11 98888-0567,Brazil
568,Sophia Brown,+44 20 7946 0568,United Kingdom
569,Lucas Oliveira,+55 41 99999-0569,Brazil
570,Isabella Rossi,+39 06 555-0570,Italy
571,Noah Johnson,+1 415-555-0571,United States
572,Maria Fernández,+54 11 5555-0572,Argentina
573,Mateo Silva,+55 85 98888-0573,Brazil
574,Olivia Martin,+33 4 78 55 0574,France
575,Lucas Costa,+351 21 555-0575,Portugal
576,Emma Rossi,+39 081 555-0576,Italy
577,Daniela García,+34 93 555-0577,Spain
578,Noah Brown,+1 646-555-0578,United States
579,Sophia Silva,+55 62 98888-0579,Brazil
580,Lucas Moretti,+39 02 555-0580,Italy
581,Isabella Pereira,+55 11 98888-0581,Brazil
582,Oliver Smith,+44 161 555 0582,United Kingdom
583,Emma Dubois,+33 2 55 55 0583,France
584,Mateo Fernández,+57 1 555-0584,Colombia
585,Lucas Almeida,+55 27 99999-0585,Brazil
586,Amelia Clarke,+44 20 7946 0586,United Kingdom
587,Diego Ruiz,+52 55 5550-0587,Mexico
588,Ava Kim,+82 2-555-0588,South Korea
589,Noah Silva,+55 71 98888-0589,Brazil
590,Lucas García,+34 93 555-0590,Spain
591,Sophia Rossi,+39 081 555-0591,Italy
592,Daniela Costa,+351 21 555-0592,Portugal
593,Alexander Novak,+420 2 5550 0593,Czech Republic
594,Olivia Martinez,+1 305-555-0594,United States
595,Mateus Almeida,+55 27 99999-0595,Brazil
596,Lucas Schmidt,+49 89 555-0596,Germany
597,Isabella Pereira,+55 41 98888-0597,Brazil
598,William Johnson,+1 617-555-0598,United States
599,Emma García,+34 95 555-0599,Spain
600,Noah Dubois,+33 2 55 55 0600,France
601,Lucas Ferreira,+55 21 98877-0601,Brazil
602,Sara Müller,+49 30 555-0602,Germany
603,Diego Alvarez,+34 91 555-0603,Spain
604,Emily Davis,+1 212-555-0604,United States
605,Mateo Rossi,+39 06 555-0605,Italy
606,Anaïs Dupont,+33 1 55 55 0606,France
607,Hiro Tanaka,+81 3-5555-0607,Japan
608,Olga Petrov,+7 495 555-0608,Russia
609,Noah Johnson,+1 415-555-0609,United States
610,Mariana Costa,+55 11 99988-0610,Brazil
611,Lucas Smith,+44 20 7946 0611,United Kingdom
612,Isabella Romano,+39 02 555-0612,Italy
613,Sofia García,+34 93 555-0613,Spain
614,Arjun Singh,+91 22 5555-0614,India
615,Emma Wilson,+1 718-555-0615,United States
616,Mateus Oliveira,+55 27 99999-0616,Brazil
617,Clara Svensson,+46 8 555 0617,Sweden
618,Oliver Brown,+61 2 5550 0618,Australia
619,Valentina Moretti,+39 081 555-0619,Italy
620,Diego Pereira,+55 31 98888-0620,Brazil
621,Amelia Clarke,+44 161 555 0621,United Kingdom
622,Lucas Hernández,+52 55 5550-0622,Mexico
623,Ava Kim,+82 2-555-0623,South Korea
624,Noah Müller,+49 89 555-0624,Germany
625,Isabella Silva,+55 41 98888-0625,Brazil
626,Samuel Lee,+1 646-555-0626,United States
627,María Fernández,+54 11 5555-0627,Argentina
628,Lucas Martins,+55 47 99999-0628,Brazil
629,Emma Dubois,+33 2 55 55 0629,France
630,Alexander Novak,+420 2 5550 0630,Czech Republic
631,Olivia Brown,+1 213-555-0631,United States
632,Pedro Lima,+55 71 98888-0632,Brazil
633,Isabella Costa,+351 21 555-0633,Portugal
634,Lucas Schmidt,+49 30 555-0634,Germany
635,Sophia Romano,+39 06 555-0635,Italy
636,Daniela García,+34 95 555-0636,Spain
637,Noah Johnson,+1 617-555-0637,United States
638,Amélie Laurent,+33 1 44 55 0638,France
639,Daniel Kim,+82 10-5555-0639,South Korea
640,Mateo Fernández,+57 1 555-0640,Colombia
641,Lucas Almeida,+55 27 99999-0641,Brazil
642,Charlotte Brown,+44 20 7946 0642,United Kingdom
643,Samuel Green,+1 305-555-0643,United States
644,Isabella Pereira,+55 11 98888-0644,Brazil
645,Oliver Martin,+33 1 55 55 0645,France
646,Ana Souza,+55 31 99999-0646,Brazil
647,Daniel Silva,+55 11 98888-0647,Brazil
648,Sophia Brown,+44 20 7946 0648,United Kingdom
649,Lucas Oliveira,+55 41 99999-0649,Brazil
650,Isabella Rossi,+39 02 555-0650,Italy
651,Noah Johnson,+1 415-555-0651,United States
652,Maria Fernández,+54 11 5555-0652,Argentina
653,Mateo Silva,+55 85 98888-0653,Brazil
654,Olivia Martin,+33 4 78 55 0654,France
655,Lucas Costa,+351 21 555-0655,Portugal
656,Emma Rossi,+39 081 555-0656,Italy
657,Daniela García,+34 93 555-0657,Spain
658,Noah Brown,+1 646-555-0658,United States
659,Sophia Silva,+55 62 98888-0659,Brazil
660,Lucas Moretti,+39 02 555-0660,Italy
661,Isabella Pereira,+55 11 98888-0661,Brazil
662,Oliver Smith,+44 161 555 0662,United Kingdom
663,Emma Dubois,+33 2 55 55 0663,France
664,Mateo Fernández,+57 1 555-0664,Colombia
665,Lucas Almeida,+55 27 99999-0665,Brazil
666,Amelia Clarke,+44 20 7946 0666,United Kingdom
667,Diego Ruiz,+52 55 5550-0667,Mexico
668,Ava Kim,+82 2-555-0668,South Korea
669,Noah Silva,+55 71 98888-0669,Brazil
670,Lucas García,+34 93 555-0670,Spain
671,Sophia Rossi,+39 081 555-0671,Italy
672,Daniela Costa,+351 21 555-0672,Portugal
673,Alexander Novak,+420 2 5550 0673,Czech Republic
674,Olivia Martinez,+1 305-555-0674,United States
675,Mateus Almeida,+55 27 99999-0675,Brazil
676,Lucas Schmidt,+49 89 555-0676,Germany
677,Isabella Pereira,+55 41 98888-0677,Brazil
678,William Johnson,+1 617-555-0678,United States
679,Emma García,+34 95 555-0679,Spain
680,Noah Dubois,+33 2 55 55 0680,France
681,Alice Moreau,+33 3 88 55 0681,France
682,Lucas Rossi,+39 081 555-0682,Italy
683,María Fernández,+34 91 555-0683,Spain
684,Pedro Souza,+55 19 99999-0684,Brazil
685,Charlotte Brown,+44 20 7946 0685,United Kingdom
686,Samuel Lee,+1 646-555-0686,United States
687,Isabella Silva,+55 62 98888-0687,Brazil
688,Lucas Oliveira,+55 81 99999-0688,Brazil
689,Amélie Laurent,+33 1 44 55 0689,France
690,Daniel Kim,+82 10-5555-0690,South Korea
691,Mateo Rossi,+39 06 555-0691,Italy
692,Sofia Silva,+55 51 98888-0692,Brazil
693,Lucas Hernández,+52 55 5550-0693,Mexico
694,Olivia Brown,+1 213-555-0694,United States
695,Marcos Lima,+55 71 98888-0695,Brazil
696,Emma Wilson,+1 718-555-0696,United States
697,Lucas Martins,+55 47 99999-0697,Brazil
698,Sophia Romano,+39 02 555-0698,Italy
699,Noah Silva,+55 27 98888-0699,Brazil
700,Isabella Costa,+351 22 555-0700,Portugal
701,Alexander Smith,+1 312-555-0701,United States
702,Valentina Rossi,+39 081 555-0702,Italy
703,Lucas Pereira,+55 21 98888-0703,Brazil
704,Emma García,+34 91 555-0704,Spain
705,Oliver Martin,+33 1 55 55 0705,France
706,Ana Souza,+55 31 99999-0706,Brazil
707,Daniel Silva,+55 11 98888-0707,Brazil
708,Sophia Brown,+44 20 7946 0708,United Kingdom
709,Lucas Oliveira,+55 41 99999-0709,Brazil
710,Isabella Rossi,+39 06 555-0710,Italy
711,Noah Johnson,+1 415-555-0711,United States
712,Maria Fernández,+54 11 5555-0712,Argentina
713,Mateo Silva,+55 85 98888-0713,Brazil
714,Olivia Martin,+33 4 78 55 0714,France
715,Lucas Costa,+351 21 555-0715,Portugal
716,Emma Rossi,+39 081 555-0716,Italy
717,Daniela García,+34 93 555-0717,Spain
718,Noah Brown,+1 646-555-0718,United States
719,Sophia Silva,+55 62 98888-0719,Brazil
720,Lucas Moretti,+39 02 555-0720,Italy
721,Isabella Pereira,+55 11 98888-0721,Brazil
722,Oliver Smith,+44 161 555 0722,United Kingdom
723,Emma Dubois,+33 2 55 55 0723,France
724,Mateo Fernández,+57 1 555-0724,Colombia
725,Lucas Almeida,+55 27 99999-0725,Brazil
726,Amelia Clarke,+44 20 7946 0726,United Kingdom
727,Diego Ruiz,+52 55 5550-0727,Mexico
728,Ava Kim,+82 2-555-0728,South Korea
729,Noah Silva,+55 71 98888-0729,Brazil
730,Lucas García,+34 93 555-0730,Spain
731,Sophia Rossi,+39 081 555-0731,Italy
732,Daniela Costa,+351 21 555-0732,Portugal
733,Alexander Novak,+420 2 5550 0733,Czech Republic
734,Olivia Martinez,+1 305-555-0734,United States
735,Mateus Almeida,+55 27 99999-0735,Brazil
736,Lucas Schmidt,+49 89 555-0736,Germany
737,Isabella Pereira,+55 41 98888-0737,Brazil
738,William Johnson,+1 617-555-0738,United States
739,Emma García,+34 95 555-0739,Spain
740,Noah Dubois,+33 2 55 55 0740,France
741,Alice Moreau,+33 3 88 55 0741,France
742,Lucas Rossi,+39 081 555-0742,Italy
743,María Fernández,+34 91 555-0743,Spain
744,Pedro Souza,+55 19 99999-0744,Brazil
745,Charlotte Brown,+44 20 7946 0745,United Kingdom
746,Samuel Lee,+1 646-555-0746,United States
747,Isabella Silva,+55 62 98888-0747,Brazil
748,Lucas Oliveira,+55 81 99999-0748,Brazil
749,Amélie Laurent,+33 1 44 55 0749,France
750,Daniel Kim,+82 10-5555-0750,South Korea
751,Mateo Rossi,+39 06 555-0751,Italy
752,Sofia Silva,+55 51 98888-0752,Brazil
753,Lucas Hernández,+52 55 5550-0753,Mexico
754,Olivia Brown,+1 213-555-0754,United States
755,Marcos Lima,+55 71 98888-0755,Brazil
756,Emma Wilson,+1 718-555-0756,United States
757,Lucas Martins,+55 47 99999-0757,Brazil
758,Sophia Romano,+39 02 555-0758,Italy
759,Noah Silva,+55 27 98888-0759,Brazil
760,Isabella Costa,+351 22 555-0760,Portugal
761,Alexander Smith,+1 312-555-0761,United States
762,Valentina Rossi,+39 081 555-0762,Italy
763,Lucas Pereira,+55 21 98888-0763,Brazil
764,Emma García,+34 91 555-0764,Spain
765,Oliver Martin,+33 1 55 55 0765,France
766,Ana Souza,+55 31 99999-0766,Brazil
767,Daniel Silva,+55 11 98888-0767,Brazil
768,Sophia Brown,+44 20 7946 0768,United Kingdom
769,Lucas Oliveira,+55 41 99999-0769,Brazil
770,Isabella Rossi,+39 06 555-0770,Italy
771,Noah Johnson,+1 415-555-0771,United States
772,Maria Fernández,+54 11 5555-0772,Argentina
773,Mateo Silva,+55 85 98888-0773,Brazil
774,Olivia Martin,+33 4 78 55 0774,France
775,Lucas Costa,+351 21 555-0775,Portugal
776,Emma Rossi,+39 081 555-0776,Italy
777,Daniela García,+34 93 555-0777,Spain
778,Noah Brown,+1 646-555-0778,United States
779,Sophia Silva,+55 62 98888-0779,Brazil
780,Lucas Moretti,+39 02 555-0780,Italy
781,Isabella Pereira,+55 11 98888-0781,Brazil
782,Oliver Smith,+44 161 555 0782,United Kingdom
783,Emma Dubois,+33 2 55 55 0783,France
784,Mateo Fernández,+57 1 555-0784,Colombia
785,Lucas Almeida,+55 27 99999-0785,Brazil
786,Amelia Clarke,+44 20 7946 0786,United Kingdom
787,Diego Ruiz,+52 55 5550-0787,Mexico
788,Ava Kim,+82 2-555-0788,South Korea
789,Noah Silva,+55 71 98888-0789,Brazil
790,Lucas García,+34 93 555-0790,Spain
791,Sophia Rossi,+39 081 555-0791,Italy
792,Daniela Costa,+351 21 555-0792,Portugal
793,Alexander Novak,+420 2 5550 0793,Czech Republic
794,Olivia Martinez,+1 305-555-0794,United States
795,Mateus Almeida,+55 27 99999-0795,Brazil
796,Lucas Schmidt,+49 89 555-0796,Germany
797,Isabella Pereira,+55 41 98888-0797,Brazil
798,William Johnson,+1 617-555-0798,United States
799,Emma García,+34 95 555-0799,Spain
800,Noah Dubois,+33 2 55 55 0800,France
801,Lucas Ferreira,+55 21 98877-0801,Brazil
802,Sara Müller,+49 30 555-0802,Germany
803,Diego Alvarez,+34 91 555-0803,Spain
804,Emily Davis,+1 212-555-0804,United States
805,Mateo Rossi,+39 06 555-0805,Italy
806,Anaïs Dupont,+33 1 55 55 0806,France
807,Hiro Tanaka,+81 3-5555-0807,Japan
808,Olga Petrov,+7 495 555-0808,Russia
809,Noah Johnson,+1 415-555-0809,United States
810,Mariana Costa,+55 11 99988-0810,Brazil
811,Lucas Smith,+44 20 7946 0811,United Kingdom
812,Isabella Romano,+39 02 555-0812,Italy
813,Sofia García,+34 93 555-0813,Spain
814,Arjun Singh,+91 22 5555-0814,India
815,Emma Wilson,+1 718-555-0815,United States
816,Mateus Oliveira,+55 27 99999-0816,Brazil
817,Clara Svensson,+46 8 555 0817,Sweden
818,Oliver Brown,+61 2 5550 0818,Australia
819,Valentina Moretti,+39 081 555-0819,Italy
820,Diego Pereira,+55 31 98888-0820,Brazil
821,Amelia Clarke,+44 161 555 0821,United Kingdom
822,Lucas Hernández,+52 55 5550-0822,Mexico
823,Ava Kim,+82 2-555-0823,South Korea
824,Noah Müller,+49 89 555-0824,Germany
825,Isabella Silva,+55 41 98888-0825,Brazil
826,Samuel Lee,+1 646-555-0826,United States
827,María Fernández,+54 11 5555-0827,Argentina
828,Lucas Martins,+55 47 99999-0828,Brazil
829,Emma Dubois,+33 2 55 55 0829,France
830,Alexander Novak,+420 2 5550 0830,Czech Republic
831,Olivia Brown,+1 213-555-0831,United States
832,Pedro Lima,+55 71 98888-0832,Brazil
833,Isabella Costa,+351 21 555-0833,Portugal
834,Lucas Schmidt,+49 30 555-0834,Germany
835,Sophia Romano,+39 06 555-0835,Italy
836,Daniela García,+34 95 555-0836,Spain
837,Noah Johnson,+1 617-555-0837,United States
838,Amélie Laurent,+33 1 44 55 0838,France
839,Daniel Kim,+82 10-5555-0839,South Korea
840,Mateo Fernández,+57 1 555-0840,Colombia
841,Lucas Almeida,+55 27 99999-0841,Brazil
842,Charlotte Brown,+44 20 7946 0842,United Kingdom
843,Samuel Green,+1 305-555-0843,United States
844,Isabella Pereira,+55 11 98888-0844,Brazil
845,Oliver Martin,+33 1 55 55 0845,France
846,Ana Souza,+55 31 99999-0846,Brazil
847,Daniel Silva,+55 11 98888-0847,Brazil
848,Sophia Brown,+44 20 7946 0848,United Kingdom
849,Lucas Oliveira,+55 41 99999-0849,Brazil
850,Isabella Rossi,+39 02 555-0850,Italy
851,Noah Johnson,+1 415-555-0851,United States
852,Maria Fernández,+54 11 5555-0852,Argentina
853,Mateo Silva,+55 85 98888-0853,Brazil
854,Olivia Martin,+33 4 78 55 0854,France
855,Lucas Costa,+351 21 555-0855,Portugal
856,Emma Rossi,+39 081 555-0856,Italy
857,Daniela García,+34 93 555-0857,Spain
858,Noah Brown,+1 646-555-0858,United States
859,Sophia Silva,+55 62 98888-0859,Brazil
860,Lucas Moretti,+39 02 555-0860,Italy
861,Isabella Pereira,+55 11 98888-0861,Brazil
862,Oliver Smith,+44 161 555 0862,United Kingdom
863,Emma Dubois,+33 2 55 55 0863,France
864,Mateo Fernández,+57 1 555-0864,Colombia
865,Lucas Almeida,+55 27 99999-0865,Brazil
866,Amelia Clarke,+44 20 7946 0866,United Kingdom
867,Diego Ruiz,+52 55 5550-0867,Mexico
868,Ava Kim,+82 2-555-0868,South Korea
869,Noah Silva,+55 71 98888-0869,Brazil
870,Lucas García,+34 93 555-0870,Spain
871,Sophia Rossi,+39 081 555-0871,Italy
872,Daniela Costa,+351 21 555-0872,Portugal
873,Alexander Novak,+420 2 5550 0873,Czech Republic
874,Olivia Martinez,+1 305-555-0874,United States
875,Mateus Almeida,+55 27 99999-0875,Brazil
876,Lucas Schmidt,+49 89 555-0876,Germany
877,Isabella Pereira,+55 41 98888-0877,Brazil
878,William Johnson,+1 617-555-0878,United States
879,Emma García,+34 95 555-0879,Spain
880,Noah Dubois,+33 2 55 55 0880,France
881,Alice Moreau,+33 3 88 55 0881,France
882,Lucas Rossi,+39 081 555-0882,Italy
883,María Fernández,+34 91 555-0883,Spain
884,Pedro Souza,+55 19 99999-0884,Brazil
885,Charlotte Brown,+44 20 7946 0885,United Kingdom
886,Samuel Lee,+1 646-555-0886,United States
887,Isabella Silva,+55 62 98888-0887,Brazil
888,Lucas Oliveira,+55 81 99999-0888,Brazil
889,Amélie Laurent,+33 1 44 55 0889,France
890,Daniel Kim,+82 10-5555-0890,South Korea
891,Mateo Rossi,+39 06 555-0891,Italy
892,Sofia Silva,+55 51 98888-0892,Brazil
893,Lucas Hernández,+52 55 5550-0893,Mexico
894,Olivia Brown,+1 213-555-0894,United States
895,Marcos Lima,+55 71 98888-0895,Brazil
896,Emma Wilson,+1 718-555-0896,United States
897,Lucas Martins,+55 47 99999-0897,Brazil
898,Sophia Romano,+39 02 555-0898,Italy
899,Noah Silva,+55 27 98888-0899,Brazil
900,Isabella Costa,+351 22 555-0900,Portugal
901,Alexander Smith,+1 312-555-0901,United States
902,Valentina Rossi,+39 081 555-0902,Italy
903,Lucas Pereira,+55 21 98888-0903,Brazil
904,Emma García,+34 91 555-0904,Spain
905,Oliver Martin,+33 1 55 55 0905,France
906,Ana Souza,+55 31 99999-0906,Brazil
907,Daniel Silva,+55 11 98888-0907,Brazil
908,Sophia Brown,+44 20 7946 0908,United Kingdom
909,Lucas Oliveira,+55 41 99999-0909,Brazil
910,Isabella Rossi,+39 06 555-0910,Italy
911,Noah Johnson,+1 415-555-0911,United States
912,Maria Fernández,+54 11 5555-0912,Argentina
913,Mateo Silva,+55 85 98888-0913,Brazil
914,Olivia Martin,+33 4 78 55 0914,France
915,Lucas Costa,+351 21 555-0915,Portugal
916,Emma Rossi,+39 081 555-0916,Italy
917,Daniela García,+34 93 555-0917,Spain
918,Noah Brown,+1 646-555-0918,United States
919,Sophia Silva,+55 62 98888-0919,Brazil
920,Lucas Moretti,+39 02 555-0920,Italy
921,Isabella Pereira,+55 11 98888-0921,Brazil
922,Oliver Smith,+44 161 555 0922,United Kingdom
923,Emma Dubois,+33 2 55 55 0923,France
924,Mateo Fernández,+57 1 555-0924,Colombia
925,Lucas Almeida,+55 27 99999-0925,Brazil
926,Amelia Clarke,+44 20 7946 0926,United Kingdom
927,Diego Ruiz,+52 55 5550-0927,Mexico
928,Ava Kim,+82 2-555-0928,South Korea
929,Noah Silva,+55 71 98888-0929,Brazil
930,Lucas García,+34 93 555-0930,Spain
931,Sophia Rossi,+39 081 555-0931,Italy
932,Daniela Costa,+351 21 555-0932,Portugal
933,Alexander Novak,+420 2 5550 0933,Czech Republic
934,Olivia Martinez,+1 305-555-0934,United States
935,Mateus Almeida,+55 27 99999-0935,Brazil
936,Lucas Schmidt,+49 89 555-0936,Germany
937,Isabella Pereira,+55 41 98888-0937,Brazil
938,William Johnson,+1 617-555-0938,United States
939,Emma García,+34 95 555-0939,Spain
940,Noah Dubois,+33 2 55 55 0940,France
941,Alice Moreau,+33 3 88 55 0941,France
942,Lucas Rossi,+39 081 555-0942,Italy
943,María Fernández,+34 91 555-0943,Spain
944,Pedro Souza,+55 19 99999-0944,Brazil
945,Charlotte Brown,+44 20 7946 0945,United Kingdom
946,Samuel Lee,+1 646-555-0946,United States
947,Isabella Silva,+55 62 98888-0947,Brazil
948,Lucas Oliveira,+55 81 99999-0948,Brazil
949,Amélie Laurent,+33 1 44 55 0949,France
950,Daniel Kim,+82 10-5555-0950,South Korea
951,Mateo Rossi,+39 06 555-0951,Italy
952,Sofia Silva,+55 51 98888-0952,Brazil
953,Lucas Hernández,+52 55 5550-0953,Mexico
954,Olivia Brown,+1 213-555-0954,United States
955,Marcos Lima,+55 71 98888-0955,Brazil
956,Emma Wilson,+1 718-555-0956,United States
957,Lucas Martins,+55 47 99999-0957,Brazil
958,Sophia Romano,+39 02 555-0958,Italy
959,Noah Silva,+55 27 98888-0959,Brazil
960,Isabella Costa,+351 22 555-0960,Portugal
961,Alexander Smith,+1 312-555-0961,United States
962,Valentina Rossi,+39 081 555-0962,Italy
963,Lucas Pereira,+55 21 98888-0963,Brazil
964,Emma García,+34 91 555-0964,Spain
965,Oliver Martin,+33 1 55 55 0965,France
966,Ana Souza,+55 31 99999-0966,Brazil
967,Daniel Silva,+55 11 98888-0967,Brazil
968,Sophia Brown,+44 20 7946 0968,United Kingdom
969,Lucas Oliveira,+55 41 99999-0969,Brazil
970,Isabella Rossi,+39 06 555-0970,Italy
971,Noah Johnson,+1 415-555-0971,United States
972,Maria Fernández,+54 11 5555-0972,Argentina
973,Mateo Silva,+55 85 98888-0973,Brazil
974,Olivia Martin,+33 4 78 55 0974,France
975,Lucas Costa,+351 21 555-0975,Portugal
976,Emma Rossi,+39 081 555-0976,Italy
977,Daniela García,+34 93 555-0977,Spain
978,Noah Brown,+1 646-555-0978,United States
979,Sophia Silva,+55 62 98888-0979,Brazil
980,Lucas Moretti,+39 02 555-0980,Italy
981,Isabella Pereira,+55 11 98888-0981,Brazil
982,Oliver Smith,+44 161 555 0982,United Kingdom
983,Emma Dubois,+33 2 55 55 0983,France
984,Mateo Fernández,+57 1 555-0984,Colombia
985,Lucas Almeida,+55 27 99999-0985,Brazil
986,Amelia Clarke,+44 20 7946 0986,United Kingdom
987,Diego Ruiz,+52 55 5550-0987,Mexico
988,Ava Kim,+82 2-555-0988,South Korea
989,Noah Silva,+55 71 98888-0989,Brazil
990,Lucas García,+34 93 555-0990,Spain
991,Sophia Rossi,+39 081 555-0991,Italy
992,Daniela Costa,+351 21 555-0992,Portugal
993,Alexander Novak,+420 2 5550 0993,Czech Republic
994,Olivia Martinez,+1 305-555-0994,United States
995,Mateus Almeida,+55 27 99999-0995,Brazil
996,Lucas Schmidt,+49 89 555-0996,Germany
997,Isabella Pereira,+55 41 98888-0997,Brazil
998,William Johnson,+1 617-555-0998,United States
999,Emma García,+34 95 555-0999,Spain
1000,Noah Dubois,+33 2 55 55 1000,France
